Company,"Unique Postings from Aug 2024 - Jul 2025"
Tiktok,32
"Aimbridge Hospitality",28
"Corner Bakery Cafe",19
"Lakewood Economic Action Program",19
Spectrum,17
Hilton,17
Meta,15
"Compass Group",15
Wss,9
"AvalonBay Communities",9
Deloitte,8
AutoNation,8
"Publicis Groupe",7
Staples,7
"The Coca-Cola Company",7
"Reyes Holdings",7
"Combined Insurance",7
"Ipg Media Brands Communications S.a. De C.v.",6
"EPAM Systems",6
"Horizon Media",6
"Panera Bread",6
Xerox,6
"Dr Martens - Airwair International Ltd",5
"Five Below",5
"Wells Fargo",5
CohnReznick,5
Reddit,5
Stretchlab,5
"7 For All Mankind",5
Aramark,5
"Wolfgang Puck Catering",5
ADP,5
"Marsh McLennan",5
Chubb,5
"The London West Hollywood At Beverly Hills",4
Nielseniq,4
"Four Seasons",4
PricewaterhouseCoopers,4
"Cognizant Technology Solutions",4
"Toyota Motor",4
"Alice + Olivia",4
Honda,4
"Michael Kors",4
"Western States Fire Protection",4
"Levy Restaurants",4
"Levy Restaurants",4
"Upgrade Insurance Services",4
Sandro,4
"IPG Mediabrands",4
"Connie Health",3
"Marriott International",3
"Paramount Pictures",3
"Snap Inc.",3
"Optiv Security",3
"Clear Channel Outdoor",3
"Lithia Motors",3
AT&T,3
TriMas,3
"Builders FirstSource",3
Bloomingdale's,3
"Kaiser Permanente",3
"Bon Appétit Management Company",3
HNTB,3
"Global Processing Systems",3
"Martin Brower",3
"Xponential Fitness",3
"Cast Away",3
BMO,3
"Marina Del Rey Hotel",3
"Brobston Group",3
Stryker,3
Asurea,3
Axs,3
"Park Hotels & Resorts",3
Evri,3
"Nectar Lifesciences Limited",3
"Apollo Insurance Solutions Group",3
"The Line La",2
"freighttas USA",2
"Carrier Corporation",2
Blackline,2
"Home Improvement",2
Galderma,2
NBC,2
"InterContinental Hotels Group",2
Google,2
"ISS Global",2
"Seyfarth Shaw LLP",2
WPP,2
"Dior And Co.",2
Ramada,2
"Marc Jacobs",2
Inkspec,2
"The Nielsen Company",2
"Reliance S.A.S",2
Ensono,2
"Omni Hotels & Resorts",2
Paycom,2
"Delaware North",2
"Mondrian & Co",2
Hyatt,2
"Slalom Consulting",2
"Westlake Services",2
"Hydra-Electric Company",2
"The Georgian Hotel",2
"ABM Industries",2
Gensler,2
Nissan,2
"Apollo Global Management",2
Parkmobile,2
"Galderma Laboratories, L.P.",2
"The College Board",2
Insperity,2
"FactSet Research Systems",2
"Anywhere Real Estate",2
"Live Nation",2
"Remington Hotels",2
"Republic Services",2
"Liberty Bank & Trust Co",2
"Electro Rent Corporation",2
Astrophysics,2
"National Field Representatives",2
FedEx,2
Sunrun,2
"Four Seasons Hotels and Resorts",2
"Ralph Lauren Retail",2
"Allfast Fastening Systems",2
Cintas,2
Bytedance,2
"Willis Towers Watson",2
Homestate,2
"Aquarium Of The Pacific",2
"Viceroy Santa Monica",2
"Baker Tilly",2
Ticketmaster,2
"Cairn Partners",2
"Audi Beverly Hills",2
"Rapport International Furniture",2
"Royal Bank of Canada",2
"Montblanc North America",2
KPMG,2
Conduent,2
"Student Aid Center",2
"Peninsula Beverly Hills Hotel Management",2
"Breakthru Beverage Group",2
"Compassx Group",2
"The Patio Collection",2
"Bank of America",2
"Marathon Asset Management",2
"Wolters Kluwer",2
"Omni Los Angeles Hotel",2
"AEG Worldwide",2
"University of California",2
"Adrianas Insurance",2
EssilorLuxottica,2
"Christian Dior Couture",2
"Hankey Group Of Companies",2
Accenture,2
Ba&Sh,2
Apple,2
Strv,2
"The Redondo Beach Hotel",1
"Sherman Oaks-ac",1
Smart4ce,1
Eurokit,1
Roche,1
"Missionsquare Retirement",1
"Genscript Probio",1
Pureconnect,1
"Cambria Hotel Lax",1
"Eataly Net USA",1
"Noble House Hotels",1
"Proud Bird",1
"Rustic Canyon Family",1
"Dream Big Jobs",1
"Haven At Lakewood",1
"Little Dot Studios Americas",1
"University of California-Los Angeles",1
"Pmi 2.0",1
Sage,1
"Motorola Solutions",1
"Res Agency",1
"Concrete International Bv",1
Pharmaace,1
Lbc,1
"World Wide Technology",1
"Etc International Ltd",1
Canva,1
"Evergreen Corporation Limited",1
Oakley,1
Aeg,1
Buco,1
BBC,1
Cadent,1
Moody's,1
"Sky Consulting",1
ServiceNow,1
"BayOne Solutions",1
Campco,1
"Hub International",1
"Holiday Inn",1
Steer,1
Unisys,1
Adu,1
Carwell,1
"Crypto International Ltd.",1
"Domino's Pizza",1
Rag-And-Bone,1
"Dover Corporation",1
Spotify,1
"Arcadia Solutions",1
Bachem,1
Sodexo,1
"USA Design Group",1
"Innovation Consulting",1
"Fastener Technology",1
"Black & Veatch",1
AECOM,1
"Funding Solutions",1
"DB Schenker",1
"Andersen Windows",1
"Core Foodservice Solutions Limited",1
"Go Rentals",1
"Dlr Group",1
G10X,1
"Koi Cbd",1
Fiserv,1
Caliva,1
"Answer Financial",1
"Cengage Learning",1
"Media Iq Digital Ltd",1
"Kurtosys Systems",1
Doubleverify,1
"Race Telecommunications",1
"Esi Enterprises",1
Nucor,1
"Rush Enterprises",1
"Little Dot Studios",1
Richemont,1
"Living Spaces",1
Groupon,1
Moreable,1
"LA Clippers",1
"Loro Piana",1
"Cox Automotive",1
"Elco Lighting",1
Logicalis,1
"Tiger Analytics",1
"Two Circles",1
"Equipment Depot",1
"Brown And Caldwell",1
"California Closets",1
"The Left Bank",1
"Sapient Corporation",1
"United Auto Credit Corporation",1
"Classic Vacations",1
"Wood Mackenzie",1
"Tory Burch",1
BDO,1
"Zoom Casa",1
"Merrill Corporation",1
Aarete,1
"Northwest Farm Credit Services",1
"Northwest Pump & Equipment Co.",1
"Noble House Hotels & Resorts",1
"Car Wash",1
Floqast,1
"Best Contracting & Services",1
"Ken Garff Automotive",1
"American Financial Services",1
"Crestline Hotels & Resorts",1
"Merchants Building Maintenance",1
"Nucor Steel Auburn",1
"Gt's Living Foods",1
Marketcast,1
RSM,1
"Roto Rooter Services Company",1
Asurion,1
"Image Solutions Apparel",1
"Lamsco West",1
"Celero Commerce",1
Genscript,1
"Silvus Technologies",1
"Clear Channel Communications",1
"Tbwa Chiat/Day",1
"Osi Optoelectronics",1
"Savvas Learning",1
"Sightglass Coffee Roasters",1
"American Import Export",1
"Constellation Energy",1
Cargurus,1
"Mercury Insurance",1
Ispace,1
"Accu-Tech Corporation",1
"Republic National Distributing Company",1
"Resource Environmental Solutions",1
"Mercedes-Benz Group",1
Servicetitan,1
"Monster Beverage",1
"Remington Lodging and Hospitality",1
"OSI Systems",1
Grindr,1
Collectly,1
"Deep 6 Ai",1
"The Trade Desk",1
"Nite Lite Signs",1
"Harris Rebar",1
"Evolution Hospitality",1
"Joe's Auto Parks",1
"Jaco Aerospace",1
"CCC Intelligent Solutions",1
"Scp Distributors",1
"Windsor Capital Group",1
"Hirsch Pipe & Supply",1
"Volkswagen Of Downtown La",1
Processhq,1
"Terraboost Media",1
Fastenal,1
"Elite Interactive Solutions",1
"Sonesta Hotels",1
Chick-fil-A,1
"Pollo Campero",1
"The Canton Group",1
Sugarshot,1
"HEI Hotels & Resorts",1
Airtable,1
"Dkny International",1
"Barnhart Crane & Rigging",1
"Sonic Automotive",1
"West Coast Hot Mop",1
"Tri-core Management",1
"Calnonprofits Insurance Services",1
"L'Ermitage Beverly Hills",1
"Ima Financial Corporation",1
"Proper Hospitality",1
Prodege,1
"Gold Flora",1
"Trl Systems",1
"Benefits Solutions",1
"Remington Hospitality",1
"Mckenna Motor Company",1
"K-1 Packaging Group",1
Penske,1
"Perry's Cafe",1
"Devil Mountain Wholesale Nursery",1
"Hotel Burbank",1
Sweetgreen,1
"Premier America Credit Union",1
Mijares,1
Fairplex,1
Daikin,1
"SBT Global",1
"Journal Hotels",1
WESCO,1
120Vc,1
"Progressive D&J Industries",1
"Média 5",1
Lendbuzz,1
"Valencia B Imports",1
"Elite Safety Products",1
"Southern Glazer's",1
"Jogs International Exhibits",1
"Beverly Hills Cafe",1
"Kadi Enterprises",1
"National Dentex Corporation",1
"Eddie Bauer",1
"Paramount Homecare Agency",1
"Fourth Floor",1
"Bw Design Group",1
Roomforty,1
Bellami,1
"Cast And Crew",1
"Rush International Ltd.",1
"Advent Digital Media",1
Chevrolet,1
"Alpha Wolves Consulting",1
Citigroup,1
Volkswagen,1
"Timmons Subaru",1
Amrg,1
hireneXus,1
CBRE,1
"South Bay Mazda",1
"Tci Precision Metals",1
"The Fairmont Hotel Corporation",1
"Pacific Volkswagen",1
"Dch Audi Calabasas",1
"The Reef",1
"Abramson Labor Group",1
"Lykos Capital Partners",1
"Compass, Inc.",1
Rm.Ng,1
PPG,1
Lacarguy,1
Skai,1
"Cherub Technology Co. Ltd",1
"Sheraton Gateway Los Angeles",1
"The Belamar Hotel",1
"Summit Event Catering",1
Oilee,1
Coopersurgical,1
Epsilon,1
"Finding Mastery",1
Whippy,1
Recruiterie,1
Maje,1
Lacoste,1
Céline,1
"Vizio Group",1
Visa,1
"Farmers Insurance",1
Disney,1
BMW,1
"Top Rpo Company, Recruitment Process Outsourcing Firm In India",1
Ilocatum,1
Vestis,1
Rapiscan,1
"Moonbug Entertainment",1
"Queen Mary Hotel",1
Infillion,1
"Fairmont Hotels & Resorts",1
"Socal Partners",1
"Pragma Platform",1
"Aspen Tech Labs",1
"Maher Commercial Realty",1
Loft,1
"Accor Group",1
"The Proud Bird",1
"A4 Moshay",1
"Auto Company Xxiii",1
"Mosaic Ensemble Hospitality Fund, L.P.",1
Snap-on,1
"Capital Group Companies",1
Mplc,1
Edelman,1
"Gypsum Management And Supply",1
Bulgari,1
"Lucky Brand",1
"ASM Global",1
Suitsupply,1
Poolcorp,1
Microart,1
"Bon Appetit",1
"Mnx Global Logistics",1
Engineeringuk,1
"Advantage Technical",1
Unclassified,125
